id,departement-nom,titulaire-soutien,german_density
EL192_L_1993_03_057_04_1_PF_01,Moselle,Front national,0.11187072715972654
EL192_L_1993_03_057_04_1_PF_02,Moselle,Verts;Génération écologie,0.13250283125707815
EL192_L_1993_03_057_04_1_PF_03,Moselle,Rassemblement pour la République;Union pour la démocratie française,0.12149532710280374
EL192_L_1993_03_057_04_1_PF_04,Moselle,socialiste,0.12622549019607843
EL192_L_1993_03_057_04_1_PF_05,Moselle,non mentionné,0.12197231833910034
EL192_L_1993_03_057_05_1_PF_01,Moselle,gaulliste,0.10019646365422397
EL192_L_1993_03_057_05_1_PF_02,Moselle,non mentionné,0.12158054711246201
EL192_L_1993_03_057_05_1_PF_03,Moselle,Verts;Génération écologie,0.11865407319952774
EL192_L_1993_03_057_05_1_PF_04,Moselle,Front national,0.10880503144654088
EL192_L_1993_03_057_05_1_PF_05,Moselle,Union pour la démocratie française;Rassemblement pour la République,0.09237875288683603
EL192_L_1993_03_057_05_1_PF_06,Moselle,Parti du ras le bol,0.13056379821958458
EL192_L_1993_03_057_05_1_PF_07,Moselle,Parti communiste français,0.12953367875647667
EL192_L_1993_03_057_06_1_PF_01,Moselle,Front national,0.10935601458080195
EL192_L_1993_03_057_06_1_PF_02,Moselle,Rassemblement pour la République,0.09216101694915255
EL192_L_1993_03_057_06_1_PF_03,Moselle,Union pour la démocratie française,0.10361067503924647
EL192_L_1993_03_057_06_1_PF_04,Moselle,non mentionné,0.10743801652892562
EL192_L_1993_03_057_06_1_PF_05,Moselle,Verts;Génération écologie,0.12231182795698925
EL192_L_1993_03_057_06_1_PF_06,Moselle,non mentionné,0.07464788732394366
EL192_L_1993_03_057_06_1_PF_07,Moselle,Parti des travailleurs,0.1301518438177874
EL192_L_1993_03_057_06_1_PF_09,Moselle,Parti du ras le bol,0.13204747774480713
EL192_L_1993_03_057_06_1_PF_10,Moselle,Parti communiste français,0.1330128205128205
EL192_L_1993_03_057_07_1_PF_01,Moselle,Front national,0.1128757799205899
EL192_L_1993_03_057_07_1_PF_02,Moselle,Rassemblement pour la République;Union pour la démocratie française,0.13580246913580246
EL192_L_1993_03_057_07_1_PF_03,Moselle,non mentionné,0.14343434343434344
EL192_L_1993_03_057_07_1_PF_04,Moselle,Verts;Génération écologie,0.13230629814227457
EL192_L_1993_03_057_07_1_PF_05,Moselle,Parti du ras le bol,0.1317365269461078
EL192_L_1993_03_057_07_1_PF_06,Moselle,Parti communiste français,0.1413673232908459
EL192_L_1993_03_057_08_1_PF_01,Moselle,Verts;Génération écologie,0.10851063829787234
EL192_L_1993_03_057_08_1_PF_02,Moselle,Parti communiste français,0.12613430127041741
EL192_L_1993_03_057_08_1_PF_03,Moselle,non mentionné,0.11558854718981973
EL192_L_1993_03_057_08_1_PF_04,Moselle,non mentionné,0.09432146294513956
EL192_L_1993_03_057_08_1_PF_07,Moselle,Parti du ras le bol,0.13095238095238096
EL194_L_1993_03_067_01_1_PF_01,Bas-Rhin,Parti socialiste,0.11419558359621451
EL194_L_1993_03_067_01_1_PF_02,Bas-Rhin,Génération écologie;Verts,0.12145289443813848
EL194_L_1993_03_067_01_1_PF_03,Bas-Rhin,Union pour la démocratie française;Rassemblement pour la République,0.11892797319932999
EL194_L_1993_03_067_01_1_PF_04,Bas-Rhin,Union pour la démocratie française;Rassemblement pour la République,0.14214046822742474
EL194_L_1993_03_067_01_1_PF_05,Bas-Rhin,Alsace d'abord,0.13211125158027812
EL194_L_1993_03_067_02_1_PF_01,Bas-Rhin,Alsace d'abord,0.13119899560577528
EL194_L_1993_03_067_02_1_PF_02,Bas-Rhin,Union pour la démocratie française;Rassemblement pour la République,0.13636363636363635
EL194_L_1993_03_067_02_1_PF_03,Bas-Rhin,socialiste,0.11768851303735024
EL194_L_1993_03_067_02_1_PF_04,Bas-Rhin,Front national,0.12450436161776368
EL194_L_1993_03_067_03_1_PF_01,Bas-Rhin,Mouvement démocratie alsacienne,0.11668372569089049
EL194_L_1993_03_067_03_1_PF_02,Bas-Rhin,Génération écologie;Verts,0.15
EL194_L_1993_03_067_03_1_PF_03,Bas-Rhin,Mouvement des chrétiens pour la Ve République;Centre national des indépendants;Union des démocrates de progrès,0.11640953716690042
EL194_L_1993_03_067_03_1_PF_04,Bas-Rhin,Centre des démocrates sociaux;Union pour la démocratie française,0.11670020120724346
EL194_L_1993_03_067_03_1_PF_05,Bas-Rhin,Front national,0.13103037522334723
EL194_L_1993_03_067_03_1_PF_06,Bas-Rhin,Alsace d'abord,0.1329073482428115
EL194_L_1993_03_067_03_1_PF_11,Bas-Rhin,Mouvement des citoyens,0.1468354430379747
EL194_L_1993_03_067_04_1_PF_01,Bas-Rhin,Alsace d'abord,0.13244613434727504
EL194_L_1993_03_067_04_1_PF_02,Bas-Rhin,Génération écologie;Verts,0.1310116086235489
EL194_L_1993_03_067_04_1_PF_03,Bas-Rhin,non mentionné,0.11223996129656506
EL194_L_1993_03_067_04_1_PF_04,Bas-Rhin,Parti socialiste,0.11207970112079702
EL194_L_1993_03_067_04_1_PF_05,Bas-Rhin,Front national,0.1267194664443518
EL194_L_1993_03_067_05_1_PF_01,Bas-Rhin,Union pour la démocratie française;Rassemblement pour la République,0.0944055944055944
EL194_L_1993_03_067_05_1_PF_02,Bas-Rhin,non mentionné,0.10248447204968944
EL194_L_1993_03_067_05_1_PF_03,Bas-Rhin,Front national,0.1297709923664122
EL194_L_1993_03_067_05_1_PF_04,Bas-Rhin,Génération écologie;Verts,0.13409203364670955
EL194_L_1993_03_067_06_1_PF_01,Bas-Rhin,Centre des démocrates sociaux;Union pour la démocratie française,0.09974424552429667
EL194_L_1993_03_067_06_1_PF_02,Bas-Rhin,indépendants,0.11145510835913312
EL194_L_1993_03_067_06_1_PF_03,Bas-Rhin,Front national,0.12848689771766694
EL194_L_1993_03_067_06_1_PF_05,Bas-Rhin,Génération écologie;Verts,0.10749185667752444
EL194_L_1993_03_067_07_1_PF_01,Bas-Rhin,Front national,0.12914188615123195
EL194_L_1993_03_067_07_1_PF_02,Bas-Rhin,Parti socialiste,0.12297181895815543
EL194_L_1993_03_067_07_1_PF_03,Bas-Rhin,Génération écologie;Verts,0.12458100558659217
EL194_L_1993_03_067_07_1_PF_04,Bas-Rhin,non mentionné,0.11566091954022989
EL194_L_1993_03_067_08_1_PF_01,Bas-Rhin,Front national,0.1288135593220339
EL194_L_1993_03_067_08_1_PF_02,Bas-Rhin,Union pour la démocratie française,0.11940298507462686
EL194_L_1993_03_067_08_1_PF_03,Bas-Rhin,Rassemblement pour la République,0.12792792792792793
EL194_L_1993_03_067_08_1_PF_04,Bas-Rhin,Génération écologie;Verts,0.12213225371120108
EL194_L_1993_03_067_08_1_PF_05,Bas-Rhin,non mentionné,0.12814645308924486
EL194_L_1993_03_067_09_1_PF_01,Bas-Rhin,Génération écologie;Verts,0.10730804810360776
EL194_L_1993_03_067_09_1_PF_02,Bas-Rhin,Union du peuple alsacien,0.14964539007092198
EL194_L_1993_03_067_09_1_PF_03,Bas-Rhin,Union pour la démocratie française;Rassemblement pour la République,0.12059158134243458
EL194_L_1993_03_067_09_1_PF_04,Bas-Rhin,Front national,0.12740989103101424
EL194_L_1993_03_068_01_1_PF_01,Haut-Rhin,Parti socialiste,0.13333333333333333
EL194_L_1993_03_068_01_1_PF_02,Haut-Rhin,Génération écologie;Verts;Solidarités écologie,0.13439635535307518
EL194_L_1993_03_068_01_1_PF_03,Haut-Rhin,Rassemblement pour la République,0.10277777777777777
EL194_L_1993_03_068_01_1_PF_04,Haut-Rhin,Union pour la démocratie française,0.13854595336076816
EL194_L_1993_03_068_02_1_PF_01,Haut-Rhin,Parti socialiste,0.13435237329042637
EL194_L_1993_03_068_02_1_PF_02,Haut-Rhin,indépendant,0.14157303370786517
EL194_L_1993_03_068_02_1_PF_03,Haut-Rhin,Centre national des indépendants et paysans;Démocratie chrétienne française,0.14209591474245115
EL194_L_1993_03_068_02_1_PF_04,Haut-Rhin,Mouvement des démocrates,0.1461038961038961
EL194_L_1993_03_068_03_1_PF_01,Haut-Rhin,non mentionné,0.1031055900621118
EL194_L_1993_03_068_03_1_PF_02,Haut-Rhin,Génération écologie;Verts;Solidarités écologie,0.1462857142857143
EL194_L_1993_03_068_03_1_PF_03,Haut-Rhin,Rassemblement pour la République;Union pour la démocratie française,0.13136288998357964
EL194_L_1993_03_068_04_1_PF_01,Haut-Rhin,Front national,0.1246928746928747
EL194_L_1993_03_068_04_1_PF_02,Haut-Rhin,indépendant,0.10175438596491228
EL194_L_1993_03_068_04_1_PF_03,Haut-Rhin,Génération écologie;Verts;Solidarités écologie,0.15377697841726617
EL194_L_1993_03_068_04_1_PF_04,Haut-Rhin,non mentionné,0.11667723525681674
EL194_L_1993_03_068_04_1_PF_05,Haut-Rhin,Alsace d'abord,0.13371721049264235
EL194_L_1993_03_068_04_1_PF_06,Haut-Rhin,Centre national des indépendants et paysans;Démocratie chrétienne française,0.10497237569060773
EL194_L_1993_03_068_05_1_PF_01,Haut-Rhin,Front national,0.1308411214953271
EL194_L_1993_03_068_05_1_PF_02,Haut-Rhin,non mentionné,0.13138686131386862
EL194_L_1993_03_068_05_1_PF_03,Haut-Rhin,Génération écologie;Verts;Solidarités écologie,0.14475743348982786
EL194_L_1993_03_068_05_1_PF_04,Haut-Rhin,Union pour la démocratie française;Rassemblement pour la République,0.14003944773175542
EL194_L_1993_03_068_05_1_PF_05,Haut-Rhin,non mentionné,0.12318220701454234
EL194_L_1993_03_068_06_1_PF_03,Haut-Rhin,non mentionné,0.12196467991169978
EL194_L_1993_03_068_06_1_PF_04,Haut-Rhin,Génération écologie;Verts;Solidarités écologie,0.13948256467941508
EL194_L_1993_03_068_06_1_PF_05,Haut-Rhin,non mentionné,0.1275579809004093
EL194_L_1993_03_068_07_1_PF_01,Haut-Rhin,Parti socialiste,0.12876254180602006
EL194_L_1993_03_068_07_1_PF_02,Haut-Rhin,Génération écologie;Verts;Solidarités écologie,0.13861386138613863
EL194_L_1993_03_068_07_1_PF_03,Haut-Rhin,Front national,0.1433915211970075
EL194_L_1993_03_068_07_1_PF_04,Haut-Rhin,Rassemblement pour la République;Union pour la démocratie française,0.12226066897347174
EL192_L_1993_03_057_04_2_PF_01,Moselle,non mentionné,0.12013536379018612
EL192_L_1993_03_057_04_2_PF_02,Moselle,Rassemblement pour la République;Union pour la démocratie française,0.11851851851851852
EL192_L_1993_03_057_05_2_PF_01,Moselle,Union pour la démocratie française;Rassemblement pour la République,0.0906515580736544
EL192_L_1993_03_057_05_2_PF_02,Moselle,non mentionné,0.09433962264150944
EL192_L_1993_03_057_06_2_PF_01,Moselle,Rassemblement pour la République,0.1039426523297491
EL192_L_1993_03_057_06_2_PF_02,Moselle,Union pour la démocratie française,0.09444444444444444
EL192_L_1993_03_057_07_2_PF_01,Moselle,Rassemblement pour la République;Union pour la démocratie française,0.11382113821138211
EL192_L_1993_03_057_07_2_PF_02,Moselle,Front national,0.11976487876561352
EL192_L_1993_03_057_08_2_PF_01,Moselle,non mentionné,0.14168618266978922
EL192_L_1993_03_057_08_2_PF_02,Moselle,socialiste,0.11954261954261955
EL194_L_1993_03_067_01_2_PF_01,Bas-Rhin,Union pour la démocratie française,0.13793103448275862
EL194_L_1993_03_067_01_2_PF_02,Bas-Rhin,Union pour la démocratie française;Rassemblement pour la République,0.1214574898785425
EL194_L_1993_03_067_02_2_PF_01,Bas-Rhin,Union pour la démocratie française;Rassemblement pour la République,0.12639405204460966
EL194_L_1993_03_067_02_2_PF_02,Bas-Rhin,non mentionné,0.11308767471410419
EL194_L_1993_03_067_03_2_PF_01,Bas-Rhin,Mouvement démocratie alsacienne,0.09848484848484848
EL194_L_1993_03_067_03_2_PF_02,Bas-Rhin,Centre des démocrates sociaux;Union pour la démocratie française;Rassemblement pour la République,0.1122715404699739
EL194_L_1993_03_067_04_2_PF_01,Bas-Rhin,Union pour la démocratie française;Rassemblement pour la République,0.11246200607902736
EL194_L_1993_03_067_04_2_PF_02,Bas-Rhin,Front national;Cercle national des femmes d'Europe;Fraternité française;Association pour le développement de la démocratie directe;Comité pour l'Europe des Patries,0.13785557986870897
EL194_L_1993_03_067_05_2_PF_01,Bas-Rhin,Union pour la démocratie française;Rassemblement pour la République,0.10392609699769054
EL194_L_1993_03_067_05_2_PF_02,Bas-Rhin,libre,0.11375212224108659
EL194_L_1993_03_067_06_2_PF_01,Bas-Rhin,Centre des démocrates sociaux;Union pour la démocratie française,0.11551925320886815
EL194_L_1993_03_067_06_2_PF_02,Bas-Rhin,non mentionné,0.0980980980980981
EL194_L_1993_03_067_09_2_PF_01,Bas-Rhin,Union pour la démocratie française,0.1559278350515464
EL194_L_1993_03_067_09_2_PF_02,Bas-Rhin,Union pour la démocratie française;Rassemblement pour la République,0.1022530329289428
EL194_L_1993_03_068_01_2_PF_01,Haut-Rhin,Rassemblement pour la République,0.09265734265734266
EL194_L_1993_03_068_04_2_PF_01,Haut-Rhin,Centre des démocrates sociaux;Union pour la démocratie française;Rassemblement pour la République,0.1166077738515901
EL194_L_1993_03_068_04_2_PF_02,Haut-Rhin,Front national,0.12652608213096558
EL194_L_1993_03_068_05_2_PF_01,Haut-Rhin,Front national,0.14195361911454674
EL194_L_1993_03_068_05_2_PF_02,Haut-Rhin,non mentionné,0.12898330804248861
EL194_L_1993_03_068_05_2_PF_03,Haut-Rhin,Union pour la démocratie française;Rassemblement pour la République,0.12831858407079647
EL194_L_1993_03_068_06_2_PF_01,Haut-Rhin,Centre des démocrates sociaux;Union pour la démocratie française;Rassemblement pour la République,0.12037765538945712
EL194_L_1993_03_068_06_2_PF_02,Haut-Rhin,Front national,0.13740458015267176
EL194_L_1993_03_068_07_2_PF_01,Haut-Rhin,Rassemblement pour la République;Union pour la démocratie française;Centre des démocrates sociaux,0.12792511700468018
EL194_L_1993_03_068_07_2_PF_02,Haut-Rhin,non mentionné,0.12439024390243902
